Keywords,Page No,Position No,Website Url,Search Engine Name,Industry,date
Anushthan Service provider,2,1,http://www.panditomshastri.com/,https://www.google.co.in/,Astrology,11/28/2011
Anushthan Service provider in india,1,8,http://www.panditomshastri.com/,https://www.google.co.in/,Astrology,11/28/2011
Anushthan Service provider in punjab,1,"1,2",http://www.panditomshastri.com/,https://www.google.co.in/,Astrology,11/28/2011
Anushthan Service provider in ludhiana,1,"1,2",http://www.panditomshastri.com/,https://www.google.co.in/,Astrology,11/28/2011
Service provider of Anushthan in ludhiana,1,"2,3",http://www.panditomshastri.com/,https://www.google.co.in/,Astrology,11/28/2011
Service provider of Anushthan in punjab,1,"2,3",http://www.panditomshastri.com/,https://www.google.co.in/,Astrology,11/28/2011
Service provider of Anushthan in india,1,9,http://www.panditomshastri.com/,https://www.google.co.in/,Astrology,11/28/2011
Service provider of Anushthan,1,8,http://www.panditomshastri.com/,https://www.google.co.in/,Astrology,11/28/2011
Services of Anushthan in india,2,2,http://www.panditomshastri.com/,https://www.google.co.in/,Astrology,11/28/2011
Services of Anushthan in ludhiana,1,"2,3",http://www.panditomshastri.com/,https://www.google.co.in/,Astrology,11/28/2011
Services of Anushthan in punjab,1,"2,3",http://www.panditomshastri.com/,https://www.google.co.in/,Astrology,11/28/2011
Anushthan Services in punjab,1,"1,2",http://www.panditomshastri.com/,https://www.google.co.in/,Astrology,11/28/2011
Anushthan Services in ludhiana,1,1,http://www.panditomshastri.com/,https://www.google.co.in/,Astrology,11/28/2011
Anushthan Services in india,1,7,http://www.panditomshastri.com/,https://www.google.co.in/,Astrology,11/28/2011
Kundli Milan in ludhiana,1,8,http://www.panditomshastri.com/,https://www.google.co.in/,Astrology,11/28/2011
Kundli Milan in India,2,2,http://www.panditomshastri.com/,https://www.google.co.in/,Astrology,11/28/2011
Kundli Milan in India,2,2,http://www.panditomshastri.in/,https://www.google.co.in/,Astrology,11/28/2011
